Distance (µm),Pb Mα1 ,O Kα1 ,"Fe Lα1, 2 ","Ni Lα1, 2 "
0,53,103,413,87
0.046212506,60,117,409,82
0.092425013,67,99,419,101
0.138637519,57,110,464,78
0.184850025,79,100,438,94
0.231062532,98,90,449,80
0.277275038,125,106,495,83
0.323487544,105,107,493,81
0.369700051,119,94,517,89
0.415912557,111,96,568,76
0.462125063,129,86,564,85
0.508337569,134,87,538,65
0.554550076,130,80,521,76
0.600762582,146,99,540,60
0.646975088,156,74,600,64
0.693187595,167,61,611,60
0.739400101,166,66,642,46
0.785612607,181,51,579,69
0.831825114,208,56,624,46
0.87803762,185,67,567,49
0.924250126,178,52,561,50
0.970462633,170,55,534,63
1.016675139,169,47,572,42
1.062887645,188,55,591,43
1.109100152,183,43,572,41
1.155312658,181,40,510,51
1.201525164,192,34,476,62
1.247737671,163,50,482,40
1.293950177,171,56,452,40
1.340162683,171,49,463,42
1.38637519,196,41,474,56
1.432587696,174,44,558,48
1.478800202,147,38,471,47
1.525012708,133,36,522,44
1.571225215,117,41,542,54
1.617437721,125,48,490,38
1.663650227,99,43,552,50
1.709862734,112,49,533,52
1.75607524,87,41,523,55
1.802287746,103,46,506,55
1.848500253,114,54,521,38
1.894712759,132,41,536,41
1.940925265,147,49,583,48
1.987137772,188,53,526,39
2.033350278,172,57,504,46
2.079562784,174,43,478,39
2.125775291,220,43,546,56
2.171987797,218,39,505,35
2.218200303,204,43,541,59
2.26441281,192,44,498,39
2.310625316,211,43,486,66
2.356837822,221,47,532,53
2.403050329,218,41,484,42
2.449262835,238,42,451,43
2.495475341,243,43,495,31
2.541687847,259,63,518,43
2.587900354,268,56,484,50
2.63411286,240,48,506,58
2.680325366,250,45,491,55
2.726537873,276,49,501,65
2.772750379,231,57,550,48
2.818962885,257,43,519,54
2.865175392,237,49,518,59
2.911387898,241,46,510,55
2.957600404,240,46,549,51
3.003812911,322,43,526,35
3.050025417,282,51,487,52
3.096237923,247,51,513,51
3.14245043,272,59,497,58
3.188662936,272,37,512,47
3.234875442,283,53,449,32
3.281087949,302,33,464,56
3.327300455,295,48,497,53
3.373512961,331,49,454,52
3.419725468,265,43,482,53
3.465937974,268,48,485,53
3.51215048,253,42,541,73
3.558362986,278,45,470,44
3.604575493,232,50,491,56
3.650787999,287,50,473,48
3.697000505,284,42,434,52
3.743213012,333,51,446,45
3.789425518,299,47,424,38
3.835638024,285,46,403,55
3.881850531,251,44,408,51
3.928063037,308,46,394,51
3.974275543,226,48,396,38
4.02048805,228,41,366,40
4.066700556,207,44,413,55
4.112913062,235,45,412,39
4.159125569,181,45,441,45
4.205338075,217,53,383,52
4.251550581,205,52,420,37
4.297763088,196,48,400,51
4.343975594,173,55,450,56
4.3901881,155,54,492,47
4.436400607,117,59,496,32
4.482613113,103,44,551,52
4.528825619,107,38,514,45
4.575038125,117,49,521,55
4.621250632,133,44,526,55
4.667463138,105,35,551,45
4.713675644,84,48,598,52
4.759888151,89,47,611,56
4.806100657,95,54,563,67
4.852313163,108,54,601,56
4.89852567,105,55,579,52
4.944738176,104,44,558,54
4.990950682,94,60,557,65
5.037163189,112,50,606,56
5.083375695,99,45,575,64
5.129588201,85,45,599,59
5.175800708,85,43,648,56
5.222013214,112,48,598,55
5.26822572,92,63,602,67
5.314438227,123,38,604,54
5.360650733,118,49,636,47
5.406863239,130,50,583,61
5.453075746,136,45,597,52
5.499288252,148,45,601,55
5.545500758,182,41,553,58
5.591713264,211,46,558,54
5.637925771,230,55,589,53
5.684138277,236,44,569,72
5.730350783,275,41,552,50
5.77656329,302,48,504,59
5.822775796,334,49,488,58
5.868988302,358,49,402,47
5.915200809,334,50,453,42
5.961413315,365,43,437,54
6.007625821,373,50,436,54
6.053838328,360,53,469,60
6.100050834,395,47,463,55
6.14626334,405,62,409,54
6.192475847,404,50,412,52
6.238688353,359,55,394,54
6.284900859,398,60,432,51
6.331113366,378,58,418,55
6.377325872,387,49,419,64
6.423538378,329,46,413,60
6.469750885,317,51,455,57
6.515963391,275,62,506,51
6.562175897,287,46,536,47
6.608388403,231,55,544,53
6.65460091,229,57,547,58
6.700813416,225,50,534,52
6.747025922,211,40,534,52
6.793238429,174,52,581,60
6.839450935,209,51,557,44
6.885663441,176,53,519,51
6.931875948,159,48,549,53
6.978088454,183,63,559,56
7.02430096,155,44,536,60
7.070513467,181,40,562,62
7.116725973,144,51,514,58
7.162938479,158,51,558,54
7.209150986,152,53,557,54
7.255363492,164,47,550,48
7.301575998,157,58,526,62
7.347788505,185,44,580,61
7.394001011,156,51,489,50
7.440213517,172,61,566,51
7.486426024,199,67,495,52
7.53263853,249,60,533,62
7.578851036,215,47,513,48
7.625063542,228,52,515,40
7.671276049,234,62,494,48
7.717488555,245,55,501,66
7.763701061,260,59,477,42
7.809913568,268,46,492,53
7.856126074,291,42,468,42
7.90233858,315,60,424,48
7.948551087,331,57,439,44
7.994763593,342,58,398,45
8.040976099,324,65,404,45
8.087188606,325,56,409,53
8.133401112,311,76,398,52
8.179613618,332,60,383,53
8.225826125,321,62,362,36
8.272038631,317,60,371,50
8.318251137,309,56,375,38
8.364463644,300,53,378,43
8.41067615,313,52,375,42
8.456888656,304,56,421,64
8.503101163,300,59,404,39
8.549313669,306,63,367,53
8.595526175,337,63,391,54
8.641738681,322,63,402,49
8.687951188,310,53,407,34
8.734163694,263,44,428,52
8.7803762,295,56,464,49
8.826588707,257,59,431,46
8.872801213,309,54,429,58
8.919013719,313,62,463,58
8.965226226,319,50,469,51
9.011438732,321,44,482,54
9.057651238,307,48,474,55
9.103863745,317,58,485,78
9.150076251,331,56,474,50
9.196288757,323,57,444,46
9.242501264,333,53,462,44
9.28871377,336,52,448,53
9.334926276,275,62,493,54
9.381138783,289,61,460,58
9.427351289,287,42,487,45
9.473563795,273,44,470,56
9.519776301,275,54,485,64
9.565988808,284,58,507,50
9.612201314,301,50,461,51
9.65841382,269,50,460,43
9.704626327,310,44,465,60
9.750838833,287,60,431,53
9.797051339,280,52,456,52
9.843263846,300,58,471,63
9.889476352,255,43,479,59
9.935688858,285,52,504,59
9.981901365,277,57,516,52
10.02811387,227,58,538,54
10.07432638,261,50,547,65
10.12053888,242,45,540,42
10.16675139,230,50,511,49
10.2129639,249,43,470,75
10.2591764,270,61,440,57
10.30538891,258,52,426,55
10.35160142,292,61,424,47
10.39781392,299,52,446,51
10.44402643,296,53,403,44
10.49023893,343,49,428,52
10.53645144,342,70,420,64
10.58266395,307,63,458,55
10.62887645,329,48,396,46
10.67508896,324,59,371,62
10.72130147,364,55,356,49
10.76751397,342,84,334,32
10.81372648,390,60,326,42
10.85993898,391,63,334,60
10.90615149,387,63,345,42
10.952364,347,54,328,52
10.9985765,343,70,353,56
11.04478901,289,64,354,55
11.09100152,296,65,385,61
11.13721402,239,72,398,56
11.18342653,231,60,410,61
11.22963904,238,66,407,76
11.27585154,238,62,358,77
11.32206405,216,65,418,79
11.36827655,240,50,406,66
11.41448906,244,56,457,79
11.46070157,222,46,413,77
11.50691407,239,50,459,82
11.55312658,196,49,440,95
11.59933909,196,48,447,100
11.64555159,180,43,390,110
11.6917641,207,46,450,121
11.7379766,171,45,419,150
11.78418911,176,42,416,158
11.83040162,164,54,456,174
11.87661412,172,52,394,212
11.92282663,186,49,432,197
11.96903914,147,39,447,182
12.01525164,131,40,467,228
12.06146415,109,33,420,222
12.10767666,131,40,419,260
12.15388916,98,34,426,233
12.20010167,87,36,415,279
12.24631417,75,30,458,273
12.29252668,48,46,413,297
12.33873919,43,25,439,316
12.38495169,33,46,427,261
12.4311642,49,38,465,319
12.47737671,29,36,408,281
12.52358921,32,42,458,294
12.56980172,28,56,421,286
12.61601422,31,40,433,287
12.66222673,36,38,459,287
12.70843924,32,43,438,287
12.75465174,30,43,452,290
12.80086425,30,38,385,259
12.84707676,27,35,414,263
12.89328926,38,35,410,282
12.93950177,33,34,435,280
12.98571428,28,42,469,273
13.03192678,33,47,456,292
13.07813929,36,38,402,273
13.12435179,32,45,432,298
13.1705643,35,42,442,320
13.21677681,26,29,416,304
13.26298931,27,40,453,262
13.30920182,30,27,412,266
13.35541433,31,37,420,289
13.40162683,31,33,462,341
13.44783934,23,40,434,295
13.49405184,29,27,491,301
13.54026435,33,31,429,297
13.58647686,24,44,423,302
13.63268936,34,36,451,261
13.67890187,41,32,473,279
13.72511438,28,36,427,287
13.77132688,38,38,426,275
13.81753939,31,39,438,279
13.8637519,20,54,459,292
13.9099644,21,43,436,293
13.95617691,30,38,412,293
14.00238941,23,37,401,289
14.04860192,30,49,437,260
14.09481443,15,43,427,259
14.14102693,23,44,382,308
14.18723944,28,40,446,273
14.23345195,33,48,472,282
14.27966445,36,43,431,263
14.32587696,26,41,413,282
14.37208946,32,35,410,278
14.41830197,36,33,417,269
14.46451448,29,18,430,299
14.51072698,32,30,420,287
14.55693949,30,41,420,285
14.603152,38,32,444,251
14.6493645,27,48,460,307
14.69557701,26,41,424,269
14.74178952,29,42,428,285
14.78800202,37,38,454,284
14.83421453,33,32,461,273
14.88042703,24,39,462,307
14.92663954,29,41,404,309
14.97285205,34,40,426,301
15.01906455,29,45,426,248
15.06527706,37,39,441,292
15.11148957,36,31,448,278
15.15770207,36,38,414,278
15.20391458,32,41,475,272
15.25012708,22,39,420,275
15.29633959,39,38,449,269
15.3425521,29,47,458,276
15.3887646,37,39,417,287
15.43497711,27,24,449,302
15.48118962,44,40,421,281
15.52740212,32,41,443,268
15.57361463,25,43,425,256
15.61982714,32,49,434,299
15.66603964,35,25,434,286
15.71225215,27,41,464,284
15.75846465,25,32,450,287
15.80467716,27,47,438,319
15.85088967,37,32,455,273
15.89710217,46,43,435,292
15.94331468,27,30,438,291
15.98952719,22,39,429,271
16.03573969,38,43,419,291
16.0819522,25,30,433,277
16.1281647,37,36,450,252
16.17437721,19,42,423,250
16.22058972,32,31,451,279
16.26680222,35,39,449,293
16.31301473,29,35,416,266
16.35922724,28,44,417,275
16.40543974,36,46,445,294
16.45165225,31,28,416,290
16.49786476,37,44,413,279
16.54407726,29,38,463,280
16.59028977,31,35,432,295
16.63650227,22,35,438,274
16.68271478,26,32,402,254
16.72892729,24,40,397,286
16.77513979,33,42,395,267
16.8213523,34,29,441,296
16.86756481,40,37,419,248
16.91377731,36,40,412,295
16.95998982,39,40,432,281
17.00620233,26,34,387,293
17.05241483,21,28,428,279
17.09862734,25,45,440,280
17.14483984,29,53,446,286
17.19105235,26,30,414,237
17.23726486,25,32,451,269
17.28347736,29,38,424,276
17.32968987,29,34,419,280
17.37590238,31,32,427,277
17.42211488,39,43,422,282
17.46832739,33,40,461,259
17.51453989,26,45,444,289
17.5607524,31,48,468,258
17.60696491,30,49,415,259
17.65317741,35,45,424,295
17.69938992,22,28,423,310
17.74560243,34,39,396,308
17.79181493,30,43,420,280
17.83802744,27,30,470,271
17.88423995,35,36,485,283
17.93045245,30,34,406,288
17.97666496,33,39,404,279
18.02287746,23,42,426,249
18.06908997,42,29,430,252
18.11530248,33,46,428,282
18.16151498,28,38,408,269
18.20772749,25,32,450,286
18.25394,27,38,427,288
18.3001525,25,33,451,277
18.34636501,31,41,427,280
18.39257751,32,31,422,314
18.43879002,44,29,419,272
18.48500253,28,41,453,306
18.53121503,34,36,444,280
18.57742754,34,52,421,288
18.62364005,26,44,429,263
18.66985255,27,43,436,277
18.71606506,30,44,423,279
18.76227757,37,39,427,256
18.80849007,30,42,455,292
18.85470258,35,43,399,246
18.90091508,34,41,416,279
18.94712759,24,29,410,265
18.9933401,30,37,419,284
19.0395526,31,42,474,279
19.08576511,33,42,430,307
19.13197762,25,44,421,273
19.17819012,32,44,408,253
19.22440263,26,46,445,294
19.27061513,39,39,393,286
19.31682764,33,24,418,267
19.36304015,26,51,405,283
19.40925265,27,40,424,287
19.45546516,28,33,405,246
19.50167767,32,51,429,293
19.54789017,29,37,419,249
19.59410268,30,38,423,267
19.64031519,30,41,444,315
19.68652769,25,35,421,285
19.7327402,28,31,433,271
19.7789527,24,35,418,252
19.82516521,38,39,442,289
19.87137772,31,38,436,265
19.91759022,37,37,399,219
19.96380273,28,33,474,264
20.01001524,24,19,425,259
20.05622774,42,44,443,250
20.10244025,30,46,433,277
20.14865275,30,34,452,309
20.19486526,32,45,406,265
20.24107777,33,29,418,273
20.28729027,26,35,424,272
20.33350278,33,50,399,275
20.37971529,23,42,409,269
20.42592779,22,46,414,276
20.4721403,20,39,393,291
20.51835281,26,41,392,280
20.56456531,29,43,430,286
20.61077782,25,26,439,282
20.65699032,29,43,439,265
20.70320283,26,32,404,267
20.74941534,36,37,432,284
20.79562784,25,46,418,262
20.84184035,26,44,389,264
20.88805286,29,34,420,280
20.93426536,27,27,445,261
20.98047787,27,28,416,237
21.02669037,31,36,423,280
21.07290288,28,33,414,245
21.11911539,31,34,422,281
21.16532789,29,41,402,263
21.2115404,29,39,411,252
21.25775291,30,28,412,231
21.30396541,33,36,442,223
21.35017792,31,44,426,283
21.39639043,33,35,390,269
21.44260293,35,47,400,249
21.48881544,27,31,425,283
21.53502794,29,34,372,250
21.58124045,23,33,402,296
21.62745296,34,39,427,217
21.67366546,30,25,403,284
21.71987797,23,50,393,225
21.76609048,29,28,419,252
21.81230298,31,34,420,273
21.85851549,27,42,422,236
21.90472799,38,43,399,268
21.9509405,20,31,386,240
21.99715301,25,36,395,258
22.04336551,28,30,391,243
22.08957802,24,26,421,247
22.13579053,27,32,404,269
22.18200303,25,32,420,267
22.22821554,31,35,397,218
22.27442805,25,41,372,242
22.32064055,23,45,379,274
22.36685306,32,45,392,226
22.41306556,44,29,372,236
22.45927807,16,31,403,261
22.50549058,38,31,376,242
22.55170308,27,36,373,213
22.59791559,33,29,401,248
22.6441281,24,35,373,241
22.6903406,21,37,346,227
22.73655311,22,23,411,226
22.78276561,32,27,388,266
22.82897812,39,39,392,258
22.87519063,20,34,396,255
22.92140313,36,32,354,243
22.96761564,23,37,400,242
23.01382815,30,23,343,218
23.06004065,28,37,373,248
