 ,Area,Perim.,Circ.,d1,d2,D1divD2,DC
1,0.216,3.773,0.191,1.249,0.450,2.775,0.750
2,0.062,1.426,0.381,0.625,0.209,2.991,0.361
3,0.003,0.258,0.637,0.112,0.060,1.886,0.082
4,3.484,45.282,0.021,5.373,3.107,1.729,4.086
5,0.130,2.653,0.231,0.993,0.364,2.727,0.601
6,0.008,0.580,0.299,0.281,0.035,8.016,0.099
7,0.010,0.564,0.401,0.246,0.088,2.807,0.147
8,1.282,19.868,0.041,4.293,1.338,3.210,2.396
9,0.007,0.349,0.730,0.150,0.069,2.158,0.102
10,0.313,3.687,0.289,1.046,0.789,1.326,0.909
11,0.107,2.552,0.206,0.745,0.391,1.907,0.540
12,0.024,0.684,0.654,0.272,0.123,2.218,0.183
13,0.037,1.023,0.440,0.456,0.143,3.187,0.256
14,0.009,0.409,0.647,0.183,0.070,2.610,0.113
15,0.006,0.289,0.879,0.112,0.088,1.281,0.099
16,0.193,2.688,0.336,0.720,0.526,1.368,0.616
17,0.013,0.498,0.655,0.217,0.104,2.082,0.150
18,0.120,2.415,0.259,0.691,0.422,1.636,0.540
19,0.014,0.413,0.996,0.157,0.123,1.278,0.139
20,0.040,0.942,0.571,0.375,0.188,1.994,0.266
21,0.185,3.856,0.156,1.526,0.389,3.923,0.770
22,0.146,1.998,0.460,0.699,0.422,1.655,0.543
23,0.020,0.723,0.481,0.323,0.104,3.106,0.183
24,0.014,0.508,0.659,0.214,0.114,1.876,0.156
25,0.004,0.345,0.390,0.162,0.035,4.610,0.075
26,0.152,3.449,0.161,1.075,0.519,2.072,0.747
27,0.075,1.134,0.731,0.386,0.281,1.376,0.329
28,0.014,0.564,0.547,0.255,0.087,2.935,0.149
29,0.068,1.122,0.682,0.455,0.240,1.897,0.330
30,0.423,6.451,0.128,1.389,0.996,1.395,1.176
31,0.065,1.500,0.363,0.474,0.273,1.737,0.360
32,0.026,0.622,0.830,0.220,0.164,1.344,0.190
33,0.158,2.758,0.261,0.614,0.519,1.182,0.565
34,0.019,0.519,0.906,0.186,0.158,1.181,0.172
35,0.128,2.454,0.267,0.804,0.401,2.003,0.568
36,0.039,0.762,0.845,0.261,0.211,1.239,0.234
37,0.019,0.744,0.441,0.335,0.100,3.348,0.183
38,1.333,16.774,0.060,2.943,2.264,1.300,2.581
39,0.028,0.793,0.566,0.323,0.153,2.109,0.223
40,0.026,0.752,0.588,0.323,0.157,2.061,0.225
41,0.270,4.535,0.165,1.173,0.664,1.767,0.883
42,0.017,0.463,0.975,0.183,0.123,1.491,0.150
43,0.056,1.322,0.405,0.529,0.173,3.055,0.303
44,0.318,7.261,0.076,1.949,0.593,3.285,1.075
45,0.036,0.787,0.737,0.306,0.181,1.695,0.235
46,3.801,41.678,0.027,8.226,1.697,4.847,3.736
47,0.008,0.399,0.633,0.176,0.070,2.512,0.111
48,0.079,1.816,0.301,0.717,0.256,2.803,0.428
49,0.034,0.839,0.600,0.370,0.123,3.014,0.213
50,0.042,0.752,0.937,0.277,0.212,1.309,0.242
51,2.818,24.404,0.059,4.847,2.254,2.150,3.305
52,0.036,1.167,0.335,0.502,0.183,2.739,0.304
53,0.078,1.597,0.384,0.461,0.351,1.312,0.402
54,0.055,0.969,0.742,0.394,0.203,1.942,0.283
55,0.138,1.521,0.748,0.551,0.353,1.559,0.441
56,0.194,3.874,0.163,1.404,0.445,3.155,0.791
57,0.028,0.638,0.873,0.244,0.161,1.515,0.198
58,0.018,0.463,1.000,0.173,0.140,1.231,0.156
59,0.010,0.388,0.871,0.166,0.088,1.897,0.121
60,0.007,0.419,0.484,0.194,0.053,3.682,0.101
61,0.080,1.426,0.495,0.594,0.240,2.476,0.377
62,0.008,0.378,0.676,0.166,0.077,2.173,0.113
63,0.030,0.672,0.840,0.259,0.171,1.510,0.211
64,0.024,0.599,0.852,0.239,0.123,1.943,0.171
65,0.010,0.399,0.778,0.166,0.102,1.623,0.130
66,0.007,0.283,1.000,0.111,0.088,1.265,0.099
67,0.030,1.165,0.273,0.479,0.144,3.318,0.263
68,0.032,0.773,0.680,0.277,0.193,1.437,0.231
69,0.039,0.812,0.745,0.294,0.206,1.425,0.246
70,0.035,0.876,0.574,0.372,0.170,2.184,0.252
71,0.077,1.390,0.500,0.487,0.351,1.385,0.413
72,0.049,0.907,0.748,0.337,0.231,1.464,0.279
73,0.009,0.374,0.802,0.157,0.084,1.876,0.115
74,0.043,0.856,0.745,0.323,0.218,1.483,0.265
75,0.024,0.583,0.900,0.228,0.158,1.444,0.190
76,0.255,4.780,0.140,1.299,0.556,2.337,0.850
77,0.179,2.830,0.281,1.129,0.395,2.858,0.668
78,0.074,1.557,0.384,0.675,0.199,3.395,0.366
79,0.044,0.866,0.743,0.306,0.228,1.347,0.264
80,0.106,1.384,0.692,0.545,0.310,1.757,0.411
81,0.027,0.781,0.551,0.337,0.141,2.386,0.218
82,0.036,0.946,0.505,0.404,0.161,2.504,0.255
83,0.025,0.853,0.425,0.299,0.209,1.427,0.250
84,0.011,0.358,1.000,0.145,0.105,1.374,0.123
85,0.721,12.620,0.057,2.087,1.278,1.633,1.633
86,0.062,1.378,0.410,0.566,0.158,3.583,0.299
87,0.010,0.403,0.762,0.175,0.087,2.020,0.123
88,0.027,0.626,0.878,0.228,0.181,1.261,0.203
89,0.263,3.673,0.245,0.900,0.715,1.259,0.802
90,0.006,0.339,0.707,0.145,0.070,2.062,0.101
91,0.086,1.808,0.332,0.688,0.267,2.578,0.428
92,0.072,1.266,0.562,0.425,0.280,1.519,0.345
93,0.425,5.857,0.156,1.532,0.787,1.947,1.098
94,0.011,0.378,0.974,0.157,0.105,1.491,0.129
95,0.018,0.537,0.777,0.214,0.136,1.569,0.171
96,0.042,0.773,0.881,0.289,0.193,1.499,0.236
97,0.029,0.748,0.650,0.294,0.175,1.676,0.227
98,0.054,1.438,0.326,0.644,0.161,4.008,0.321
99,0.022,0.748,0.498,0.268,0.158,1.692,0.206
100,0.032,0.901,0.491,0.369,0.156,2.363,0.240
101,0.007,0.419,0.484,0.183,0.069,2.674,0.112
102,0.011,0.469,0.633,0.200,0.083,2.419,0.129
103,0.051,0.986,0.657,0.414,0.194,2.137,0.283
104,0.072,1.894,0.252,0.760,0.232,3.273,0.420
105,0.058,1.101,0.600,0.372,0.273,1.362,0.319
106,0.175,3.729,0.158,0.994,0.571,1.741,0.753
107,0.014,0.403,1.000,0.157,0.123,1.278,0.139
108,0.128,2.179,0.338,0.604,0.423,1.426,0.505
109,0.018,0.498,0.920,0.190,0.134,1.414,0.160
110,0.008,0.343,0.854,0.162,0.087,1.863,0.119
111,0.196,2.990,0.276,0.813,0.562,1.446,0.676
112,0.034,1.046,0.386,0.331,0.200,1.659,0.257
113,0.049,1.367,0.329,0.586,0.149,3.936,0.295
114,0.056,1.176,0.507,0.467,0.211,2.215,0.314
115,0.046,1.170,0.427,0.534,0.147,3.641,0.280
116,0.063,0.977,0.830,0.345,0.251,1.374,0.294
117,0.009,0.368,0.857,0.162,0.095,1.707,0.124
118,0.078,1.655,0.359,0.616,0.226,2.732,0.373
119,0.050,0.936,0.715,0.307,0.261,1.178,0.283
120,0.593,10.950,0.062,1.985,1.439,1.379,1.690
121,0.149,2.273,0.361,0.936,0.331,2.825,0.557
122,0.610,8.367,0.109,1.680,0.956,1.756,1.268
123,0.014,0.424,0.970,0.162,0.123,1.317,0.141
124,0.007,0.488,0.374,0.200,0.077,2.612,0.124
125,0.026,0.682,0.699,0.244,0.158,1.548,0.196
126,0.535,6.094,0.181,1.765,0.900,1.962,1.260
127,0.014,0.513,0.648,0.190,0.133,1.423,0.159
128,0.019,0.564,0.742,0.251,0.088,2.864,0.148
129,0.010,0.382,0.820,0.166,0.087,1.906,0.120
130,0.096,2.058,0.284,0.609,0.384,1.584,0.484
131,0.027,0.628,0.863,0.244,0.173,1.412,0.205
132,0.007,0.283,1.000,0.111,0.088,1.265,0.099
133,0.030,0.686,0.805,0.288,0.149,1.933,0.207
134,0.055,1.355,0.377,0.558,0.220,2.535,0.350
135,0.026,0.802,0.499,0.316,0.152,2.078,0.219
136,0.034,0.661,0.973,0.234,0.211,1.112,0.222
137,0.104,2.297,0.247,0.716,0.347,2.061,0.499
138,0.070,2.078,0.202,0.606,0.263,2.302,0.399
139,0.026,0.587,0.966,0.217,0.175,1.237,0.195
140,0.034,0.878,0.547,0.345,0.187,1.842,0.254
141,0.042,0.917,0.630,0.370,0.193,1.918,0.267
142,0.029,0.688,0.768,0.274,0.165,1.663,0.212
143,0.019,0.791,0.377,0.331,0.144,2.301,0.218
144,0.025,0.653,0.744,0.283,0.128,2.217,0.190
145,0.055,1.217,0.465,0.455,0.256,1.780,0.341
146,0.096,1.925,0.325,0.777,0.195,3.978,0.390
147,0.076,1.297,0.568,0.526,0.235,2.235,0.352
148,0.014,0.438,0.927,0.175,0.124,1.414,0.148
149,0.020,0.562,0.796,0.220,0.142,1.543,0.177
150,0.066,1.992,0.211,0.565,0.298,1.898,0.410
151,0.015,0.723,0.370,0.306,0.104,2.940,0.179
152,0.035,0.767,0.750,0.283,0.193,1.469,0.234
153,0.049,1.041,0.564,0.362,0.263,1.377,0.308
154,0.044,0.797,0.876,0.290,0.211,1.379,0.247
155,0.015,0.498,0.764,0.205,0.118,1.738,0.155
156,0.033,0.692,0.856,0.267,0.193,1.385,0.227
157,0.014,0.424,0.949,0.166,0.105,1.581,0.132
158,0.010,0.353,1.000,0.134,0.105,1.269,0.119
159,0.237,4.631,0.139,1.140,0.694,1.644,0.889
160,0.037,0.911,0.559,0.314,0.203,1.546,0.252
161,0.076,1.981,0.242,0.775,0.197,3.930,0.391
162,0.014,0.498,0.686,0.189,0.135,1.400,0.160
163,0.098,1.426,0.605,0.609,0.258,2.358,0.397
164,0.028,0.632,0.890,0.251,0.173,1.455,0.208
165,0.027,0.632,0.861,0.244,0.167,1.462,0.202
166,0.224,3.874,0.188,1.555,0.366,4.247,0.755
167,0.008,0.314,0.981,0.124,0.088,1.414,0.104
168,0.086,1.306,0.637,0.516,0.274,1.883,0.376
169,0.189,3.783,0.166,1.110,0.563,1.971,0.790
170,0.010,0.424,0.668,0.179,0.086,2.080,0.124
171,0.055,0.964,0.744,0.388,0.175,2.214,0.261
172,0.081,1.956,0.265,0.750,0.283,2.648,0.461
173,0.218,5.094,0.105,1.652,0.540,3.059,0.945
174,0.080,1.105,0.820,0.427,0.272,1.572,0.341
175,0.058,1.093,0.606,0.417,0.228,1.828,0.308
176,0.034,0.717,0.828,0.277,0.186,1.491,0.227
177,0.066,1.692,0.290,0.759,0.172,4.416,0.361
178,0.146,2.351,0.332,0.714,0.424,1.686,0.550
179,0.006,0.269,1.000,0.102,0.088,1.166,0.095
180,0.030,0.692,0.799,0.244,0.199,1.230,0.220
181,0.022,0.572,0.850,0.239,0.140,1.700,0.183
182,0.017,0.477,0.950,0.183,0.139,1.321,0.159
183,0.009,0.393,0.752,0.166,0.090,1.834,0.122
184,0.006,0.283,1.000,0.111,0.088,1.265,0.099
185,0.011,0.374,0.968,0.150,0.088,1.709,0.115
186,0.093,1.415,0.585,0.477,0.318,1.500,0.390
187,0.022,0.758,0.478,0.345,0.096,3.578,0.182
188,0.016,0.523,0.736,0.222,0.118,1.889,0.161
189,0.059,1.849,0.218,0.766,0.267,2.873,0.452
190,0.031,0.713,0.769,0.300,0.153,1.961,0.214
191,0.012,0.388,0.974,0.157,0.105,1.491,0.129
192,0.057,1.116,0.572,0.417,0.255,1.636,0.326
193,0.017,0.463,0.993,0.181,0.133,1.354,0.155
194,0.079,1.269,0.620,0.526,0.236,2.233,0.352
195,0.564,7.212,0.136,1.968,0.866,2.273,1.306
196,0.016,0.453,0.963,0.173,0.136,1.266,0.154
197,0.013,0.413,0.928,0.166,0.105,1.581,0.132
198,0.028,0.707,0.712,0.272,0.170,1.605,0.215
199,0.098,2.788,0.159,1.018,0.270,3.770,0.524
200,0.006,0.293,0.943,0.112,0.088,1.281,0.099
201,0.054,1.027,0.649,0.430,0.177,2.432,0.276
202,0.068,1.580,0.341,0.660,0.203,3.253,0.366
203,0.050,0.928,0.724,0.355,0.192,1.845,0.261
204,0.012,0.388,1.000,0.150,0.105,1.424,0.126
205,0.008,0.308,1.000,0.118,0.099,1.186,0.108
206,0.261,4.667,0.150,1.214,0.675,1.799,0.905
207,0.016,0.463,0.921,0.205,0.118,1.738,0.155
208,0.018,0.523,0.835,0.212,0.140,1.510,0.172
209,0.158,2.603,0.293,0.794,0.411,1.935,0.571
210,0.010,0.368,0.972,0.151,0.099,1.521,0.122
211,0.008,0.418,0.555,0.200,0.074,2.687,0.122
212,0.022,0.917,0.322,0.328,0.155,2.114,0.225
213,0.010,0.353,1.000,0.134,0.105,1.269,0.119
214,0.010,0.393,0.803,0.175,0.087,2.020,0.123
215,0.026,0.632,0.822,0.225,0.174,1.294,0.198
216,0.022,1.012,0.276,0.450,0.094,4.764,0.206
217,0.010,0.424,0.690,0.179,0.088,2.040,0.125
218,0.027,0.672,0.746,0.288,0.136,2.109,0.198
219,0.040,1.041,0.467,0.358,0.211,1.700,0.274
220,0.084,2.042,0.254,0.736,0.376,1.959,0.526
221,0.026,0.797,0.505,0.288,0.170,1.694,0.221
222,0.080,2.039,0.243,0.745,0.307,2.427,0.478
223,0.012,0.403,0.953,0.166,0.105,1.581,0.132
224,0.046,1.002,0.574,0.337,0.233,1.445,0.281
225,0.068,1.148,0.648,0.475,0.193,2.461,0.303
226,0.139,2.785,0.224,1.083,0.298,3.633,0.568
227,0.038,0.783,0.770,0.307,0.193,1.590,0.243
228,0.008,0.318,1.000,0.134,0.088,1.523,0.108
229,0.019,0.614,0.647,0.267,0.111,2.415,0.172
230,0.022,0.597,0.759,0.217,0.166,1.306,0.190
231,0.025,0.552,1.000,0.200,0.174,1.152,0.186
232,0.023,0.593,0.836,0.244,0.136,1.803,0.182
233,0.102,1.703,0.444,0.527,0.368,1.430,0.440
234,0.252,3.826,0.216,1.186,0.544,2.181,0.803
235,0.020,0.713,0.495,0.300,0.117,2.573,0.187
236,0.009,0.438,0.564,0.190,0.086,2.215,0.127
237,0.008,0.314,0.981,0.127,0.088,1.442,0.105
238,0.050,0.862,0.854,0.333,0.213,1.565,0.266
239,0.009,0.378,0.757,0.150,0.099,1.510,0.122
240,0.046,1.085,0.490,0.496,0.161,3.077,0.283
241,0.029,0.678,0.792,0.277,0.165,1.684,0.214
242,0.058,1.085,0.614,0.440,0.203,2.167,0.299
243,0.095,2.632,0.173,0.896,0.310,2.888,0.527
244,0.016,0.614,0.534,0.268,0.095,2.820,0.160
245,0.026,0.593,0.913,0.214,0.175,1.221,0.194
246,0.013,0.403,1.000,0.157,0.123,1.278,0.139
247,0.038,0.802,0.752,0.330,0.180,1.831,0.244
248,0.018,0.473,0.985,0.181,0.140,1.287,0.159
249,0.081,1.066,0.898,0.390,0.289,1.349,0.335
250,0.047,1.111,0.479,0.457,0.200,2.291,0.302
251,0.023,0.667,0.660,0.228,0.175,1.300,0.200
252,0.010,0.353,1.000,0.134,0.105,1.269,0.119
253,0.247,3.184,0.306,0.966,0.634,1.524,0.782
254,0.029,0.886,0.468,0.337,0.185,1.823,0.250
255,0.036,0.907,0.555,0.358,0.155,2.309,0.236
256,0.053,1.002,0.666,0.410,0.208,1.968,0.292
257,0.632,12.052,0.055,1.885,1.163,1.622,1.481
258,0.326,5.074,0.159,1.305,0.675,1.933,0.939
259,0.010,0.368,0.972,0.141,0.112,1.267,0.126
260,1.002,15.793,0.050,2.215,1.697,1.305,1.939
261,0.064,0.971,0.853,0.362,0.263,1.374,0.309
262,0.035,0.897,0.548,0.353,0.166,2.125,0.242
263,0.016,0.477,0.882,0.190,0.124,1.530,0.153
264,0.074,2.151,0.202,0.869,0.241,3.609,0.457
265,0.079,1.475,0.455,0.627,0.239,2.628,0.387
266,0.022,0.593,0.781,0.229,0.156,1.462,0.189
267,0.014,0.448,0.904,0.173,0.123,1.407,0.146
268,0.074,1.964,0.241,0.881,0.155,5.701,0.369
269,0.019,0.513,0.928,0.190,0.149,1.275,0.168
270,0.011,0.393,0.903,0.150,0.123,1.221,0.136
271,0.018,0.597,0.640,0.217,0.170,1.279,0.192
272,0.019,0.523,0.863,0.205,0.140,1.469,0.169
273,0.062,1.231,0.518,0.424,0.246,1.726,0.323
274,0.108,1.900,0.377,0.685,0.351,1.953,0.490
275,0.065,1.455,0.388,0.639,0.149,4.284,0.309
276,0.025,0.688,0.670,0.268,0.158,1.700,0.206
277,0.146,3.568,0.144,1.267,0.454,2.792,0.758
278,0.046,1.737,0.192,0.749,0.161,4.655,0.347
279,0.079,2.261,0.195,0.599,0.345,1.736,0.454
280,0.065,1.578,0.329,0.618,0.228,2.712,0.375
281,0.112,2.874,0.170,1.318,0.161,8.167,0.461
282,0.041,0.787,0.830,0.314,0.211,1.491,0.257
283,0.139,2.303,0.330,0.861,0.374,2.300,0.568
284,0.039,0.967,0.525,0.396,0.158,2.507,0.250
285,0.007,0.318,0.916,0.118,0.099,1.186,0.108
286,0.052,0.843,0.926,0.314,0.228,1.376,0.268
287,0.060,1.389,0.389,0.428,0.342,1.252,0.383
288,0.007,0.374,0.664,0.162,0.070,2.305,0.107
289,0.014,0.542,0.620,0.261,0.087,3.003,0.150
290,0.010,0.364,0.907,0.157,0.088,1.789,0.117
291,0.043,0.878,0.698,0.322,0.227,1.416,0.271
292,0.116,2.012,0.360,0.800,0.310,2.580,0.498
293,0.060,0.986,0.772,0.377,0.256,1.471,0.311
294,0.143,2.913,0.211,0.688,0.582,1.181,0.633
295,0.058,1.205,0.504,0.503,0.212,2.367,0.327
296,0.026,0.568,1.000,0.214,0.174,1.233,0.193
297,0.044,0.831,0.801,0.351,0.174,2.020,0.247
298,0.069,1.455,0.408,0.608,0.222,2.742,0.367
299,0.016,0.599,0.571,0.265,0.088,3.027,0.153
300,0.016,0.488,0.829,0.186,0.147,1.272,0.165
301,0.014,0.428,0.993,0.166,0.123,1.355,0.143
302,0.022,0.632,0.687,0.261,0.149,1.752,0.197
303,0.012,0.498,0.608,0.213,0.088,2.433,0.137
304,0.098,1.829,0.370,0.688,0.307,2.242,0.459
305,0.023,0.587,0.831,0.249,0.136,1.827,0.184
306,0.007,0.333,0.803,0.141,0.074,1.900,0.103
307,0.039,0.967,0.530,0.394,0.161,2.445,0.252
308,0.046,1.262,0.364,0.567,0.128,4.438,0.269
309,0.011,0.368,1.000,0.151,0.112,1.352,0.130
310,0.009,0.329,1.000,0.141,0.088,1.612,0.111
311,0.021,0.568,0.815,0.234,0.123,1.906,0.170
312,0.041,0.773,0.855,0.289,0.193,1.499,0.236
313,0.039,0.831,0.712,0.348,0.174,2.005,0.246
314,0.098,2.173,0.260,0.776,0.318,2.442,0.496
315,0.017,0.498,0.858,0.205,0.128,1.603,0.162
316,0.008,0.364,0.790,0.150,0.088,1.709,0.115
317,0.032,0.866,0.531,0.375,0.141,2.659,0.230
318,0.025,0.597,0.878,0.244,0.159,1.528,0.197
319,0.013,0.424,0.906,0.166,0.105,1.581,0.132
320,0.038,1.157,0.358,0.456,0.194,2.355,0.297
321,0.026,0.791,0.531,0.355,0.125,2.845,0.211
322,0.042,0.812,0.798,0.322,0.211,1.527,0.261
323,0.025,0.597,0.889,0.251,0.155,1.617,0.198
324,0.082,1.944,0.273,0.526,0.414,1.270,0.467
325,0.018,0.672,0.489,0.274,0.115,2.376,0.178
326,0.391,5.805,0.146,1.475,0.649,2.272,0.978
327,0.041,0.793,0.824,0.298,0.187,1.591,0.236
328,0.009,0.329,1.000,0.134,0.088,1.523,0.108
329,0.066,1.310,0.480,0.462,0.295,1.565,0.369
330,0.061,1.050,0.695,0.436,0.209,2.083,0.302
331,0.158,2.337,0.363,0.821,0.418,1.964,0.586
332,0.035,0.901,0.538,0.380,0.169,2.243,0.253
333,0.020,0.543,0.838,0.222,0.121,1.832,0.164
334,5.367,59.030,0.019,9.300,2.813,3.306,5.115
335,0.026,0.742,0.590,0.268,0.165,1.625,0.210
336,0.017,0.463,0.975,0.183,0.123,1.491,0.150
337,0.114,1.764,0.458,0.678,0.366,1.850,0.498
338,0.022,1.052,0.252,0.472,0.090,5.258,0.206
339,0.017,0.634,0.519,0.289,0.088,3.298,0.159
340,0.176,3.041,0.239,1.188,0.339,3.503,0.635
341,0.013,0.448,0.827,0.200,0.088,2.280,0.132
342,0.016,0.523,0.722,0.228,0.113,2.021,0.160
343,0.115,1.630,0.544,0.530,0.368,1.440,0.442
344,0.021,0.548,0.890,0.223,0.149,1.500,0.182
345,0.078,1.655,0.356,0.516,0.392,1.315,0.450
346,0.142,2.950,0.204,1.018,0.365,2.787,0.610
347,0.024,0.628,0.765,0.272,0.123,2.218,0.183
348,0.818,12.721,0.064,2.969,0.989,3.001,1.714
349,0.032,0.938,0.457,0.366,0.145,2.535,0.230
350,0.010,0.424,0.733,0.162,0.104,1.552,0.130
351,0.029,0.787,0.593,0.307,0.165,1.863,0.225
352,0.277,5.933,0.099,1.493,0.613,2.437,0.956
353,0.019,0.773,0.395,0.328,0.100,3.287,0.181
354,0.008,0.413,0.611,0.183,0.072,2.540,0.115
355,0.007,0.304,0.922,0.128,0.070,1.820,0.095
356,0.118,2.029,0.361,0.701,0.300,2.334,0.459
357,0.267,5.758,0.101,1.350,0.638,2.116,0.928
358,0.068,1.560,0.350,0.549,0.306,1.793,0.410
359,0.012,0.403,0.929,0.162,0.105,1.537,0.130
360,0.033,0.816,0.627,0.300,0.180,1.664,0.233
361,0.017,0.637,0.525,0.274,0.112,2.455,0.175
362,0.229,3.874,0.192,1.033,0.554,1.863,0.757
363,0.021,0.723,0.510,0.311,0.113,2.752,0.187
364,0.098,1.337,0.691,0.516,0.293,1.762,0.389
365,0.015,0.517,0.724,0.236,0.099,2.378,0.153
366,0.047,1.157,0.439,0.518,0.148,3.493,0.277
367,0.012,0.459,0.717,0.196,0.088,2.236,0.131
368,0.012,0.742,0.267,0.249,0.140,1.776,0.187
369,0.125,2.678,0.218,0.786,0.500,1.572,0.627
370,0.006,0.304,0.880,0.112,0.088,1.281,0.099
371,0.064,1.985,0.204,0.634,0.275,2.308,0.417
372,0.008,0.308,1.000,0.127,0.087,1.457,0.105
373,0.030,0.847,0.523,0.311,0.190,1.636,0.243
374,1.468,21.000,0.042,5.001,1.276,3.919,2.526
375,0.070,1.698,0.304,0.620,0.249,2.494,0.393
376,0.016,0.469,0.915,0.183,0.105,1.740,0.139
377,0.006,0.324,0.772,0.145,0.053,2.749,0.087
378,0.103,2.107,0.292,0.916,0.196,4.678,0.423
379,0.019,0.578,0.728,0.248,0.105,2.357,0.162
380,0.129,1.925,0.437,0.671,0.352,1.906,0.486
381,0.110,2.353,0.251,0.825,0.343,2.403,0.532
382,0.114,1.924,0.389,0.652,0.333,1.956,0.466
383,0.011,0.364,1.000,0.141,0.105,1.344,0.122
384,0.014,0.463,0.830,0.196,0.111,1.768,0.148
385,0.061,1.167,0.559,0.439,0.193,2.276,0.291
386,0.040,0.862,0.672,0.323,0.192,1.683,0.249
387,0.024,0.742,0.555,0.244,0.187,1.303,0.214
388,0.141,2.426,0.300,0.938,0.351,2.671,0.574
389,0.011,0.413,0.838,0.166,0.104,1.597,0.132
390,0.109,1.878,0.387,0.681,0.419,1.626,0.534
391,0.096,1.370,0.641,0.545,0.269,2.027,0.383
392,0.018,0.483,0.960,0.205,0.123,1.666,0.159
393,0.542,8.547,0.093,2.313,0.782,2.958,1.345
394,0.007,0.339,0.809,0.134,0.088,1.523,0.108
395,0.070,1.475,0.402,0.644,0.180,3.569,0.341
396,0.046,0.870,0.771,0.355,0.179,1.985,0.252
397,0.009,0.329,1.000,0.127,0.105,1.202,0.115
398,0.468,7.514,0.104,1.526,0.863,1.768,1.148
399,0.014,0.502,0.721,0.212,0.110,1.930,0.153
400,0.022,0.688,0.597,0.286,0.123,2.326,0.187
401,1.187,20.539,0.035,3.265,1.913,1.707,2.499
402,0.016,0.587,0.595,0.235,0.120,1.965,0.168
403,0.010,0.378,0.838,0.150,0.088,1.709,0.115
404,0.016,0.523,0.736,0.200,0.140,1.425,0.168
405,0.015,0.488,0.813,0.196,0.124,1.581,0.156
406,0.009,0.329,1.000,0.134,0.088,1.523,0.108
407,0.059,1.661,0.268,0.567,0.277,2.048,0.396
408,0.226,4.906,0.118,1.917,0.394,4.862,0.870
409,0.011,0.382,0.952,0.150,0.112,1.343,0.129
410,0.024,0.603,0.829,0.239,0.140,1.700,0.183
411,0.105,2.572,0.199,0.976,0.299,3.262,0.541
412,0.040,0.922,0.588,0.316,0.218,1.449,0.263
413,0.020,0.558,0.820,0.214,0.161,1.328,0.186
414,0.029,0.692,0.751,0.251,0.172,1.457,0.208
415,0.026,0.857,0.453,0.372,0.133,2.792,0.222
416,0.066,1.046,0.757,0.396,0.246,1.612,0.312
417,0.066,1.789,0.259,0.546,0.353,1.548,0.439
418,0.280,5.339,0.123,1.287,0.574,2.242,0.859
419,0.086,1.804,0.331,0.671,0.293,2.289,0.444
420,0.007,0.434,0.473,0.196,0.070,2.795,0.117
421,0.089,1.535,0.474,0.565,0.277,2.037,0.396
422,0.042,1.002,0.528,0.427,0.148,2.878,0.252
423,0.103,1.812,0.393,0.756,0.253,2.992,0.437
424,0.060,2.018,0.186,0.779,0.244,3.195,0.436
425,0.194,3.640,0.184,1.053,0.551,1.911,0.762
426,0.037,0.946,0.514,0.432,0.128,3.382,0.235
427,0.074,1.289,0.558,0.440,0.261,1.688,0.338
428,0.031,0.876,0.509,0.362,0.156,2.317,0.238
429,0.036,1.050,0.411,0.485,0.118,4.096,0.240
430,0.071,1.200,0.620,0.466,0.218,2.140,0.319
431,0.047,0.913,0.715,0.346,0.193,1.791,0.258
432,0.037,1.186,0.333,0.369,0.259,1.425,0.309
433,0.023,0.548,0.954,0.214,0.161,1.328,0.186
434,0.164,2.250,0.408,0.716,0.420,1.704,0.549
435,0.088,1.262,0.692,0.477,0.281,1.700,0.366
436,0.070,1.165,0.646,0.394,0.298,1.322,0.343
437,0.031,0.732,0.730,0.331,0.149,2.224,0.222
438,0.093,1.690,0.409,0.511,0.453,1.128,0.481
439,0.036,1.285,0.272,0.303,0.263,1.151,0.282
440,0.006,0.329,0.752,0.137,0.083,1.647,0.107
441,0.047,1.126,0.464,0.392,0.218,1.796,0.293
442,0.061,1.529,0.328,0.581,0.236,2.467,0.370
443,0.029,0.638,0.883,0.239,0.158,1.511,0.194
444,0.282,4.266,0.195,1.179,0.646,1.826,0.873
445,0.021,0.686,0.559,0.302,0.124,2.433,0.194
446,0.009,0.388,0.769,0.166,0.088,1.897,0.121
447,0.085,1.240,0.697,0.482,0.263,1.831,0.356
448,0.026,0.632,0.803,0.228,0.193,1.184,0.210
449,0.007,0.293,1.000,0.118,0.088,1.342,0.102
450,0.019,0.578,0.717,0.244,0.114,2.138,0.167
451,0.031,0.816,0.592,0.320,0.173,1.852,0.235
452,0.218,3.675,0.203,1.187,0.666,1.784,0.889
453,0.090,2.356,0.203,0.788,0.334,2.360,0.513
454,0.007,0.308,0.897,0.118,0.087,1.355,0.101
455,0.014,0.453,0.850,0.173,0.128,1.354,0.148
456,0.037,0.856,0.629,0.380,0.137,2.778,0.228
457,0.194,2.229,0.490,0.764,0.411,1.861,0.560
458,0.065,1.752,0.266,0.759,0.175,4.329,0.365
459,1.187,17.674,0.048,2.502,1.491,1.679,1.931
460,0.025,0.692,0.646,0.283,0.150,1.888,0.206
461,0.109,1.756,0.445,0.671,0.334,2.009,0.474
462,0.018,0.568,0.683,0.196,0.158,1.242,0.176
463,0.027,0.647,0.823,0.229,0.185,1.237,0.206
464,0.009,0.353,0.867,0.141,0.105,1.344,0.122
465,0.120,1.810,0.461,0.626,0.408,1.537,0.505
466,0.045,0.833,0.820,0.328,0.193,1.701,0.251
467,0.081,1.182,0.726,0.468,0.247,1.896,0.340
468,0.036,0.888,0.579,0.375,0.155,2.422,0.241
469,0.096,2.058,0.286,0.600,0.435,1.379,0.511
470,0.016,0.663,0.449,0.277,0.108,2.580,0.173
471,0.025,0.803,0.479,0.353,0.105,3.350,0.193
472,0.122,2.810,0.194,0.755,0.430,1.757,0.570
473,0.041,0.932,0.597,0.378,0.171,2.210,0.254
474,0.074,1.481,0.425,0.499,0.286,1.745,0.378
475,0.020,0.568,0.767,0.231,0.123,1.879,0.168
476,0.034,1.256,0.272,0.505,0.186,2.719,0.306
477,0.151,2.045,0.455,0.740,0.416,1.779,0.555
478,0.021,0.577,0.791,0.244,0.126,1.934,0.175
479,0.712,9.308,0.103,2.886,0.918,3.143,1.628
480,0.073,1.076,0.788,0.424,0.281,1.510,0.345
481,0.016,0.453,0.982,0.173,0.136,1.266,0.154
482,0.017,0.523,0.792,0.196,0.140,1.398,0.166
483,0.017,0.492,0.895,0.183,0.147,1.249,0.164
484,0.057,1.018,0.690,0.404,0.205,1.968,0.288
485,0.013,0.513,0.633,0.212,0.108,1.958,0.151
486,0.007,0.314,0.941,0.134,0.070,1.904,0.097
487,0.010,0.353,0.991,0.134,0.105,1.269,0.119
488,0.060,1.351,0.413,0.542,0.242,2.235,0.362
489,0.187,2.925,0.274,1.071,0.430,2.492,0.678
490,0.587,9.916,0.075,2.548,0.631,4.038,1.268
491,0.132,2.661,0.234,0.784,0.504,1.554,0.629
492,0.012,0.378,1.000,0.157,0.105,1.491,0.129
493,0.080,1.754,0.326,0.573,0.312,1.836,0.423
494,0.024,0.622,0.770,0.211,0.175,1.204,0.193
495,0.027,0.618,0.902,0.253,0.164,1.539,0.204
496,0.092,2.070,0.269,0.536,0.362,1.478,0.441
497,0.008,0.318,0.993,0.127,0.099,1.275,0.112
498,0.036,0.787,0.730,0.323,0.169,1.919,0.234
499,0.096,1.843,0.355,0.584,0.383,1.526,0.473
500,0.029,0.768,0.609,0.337,0.123,2.748,0.204
501,0.036,1.484,0.206,0.675,0.114,5.922,0.277
502,0.037,1.186,0.327,0.440,0.161,2.727,0.266
503,0.204,3.425,0.219,0.820,0.593,1.383,0.698
504,0.048,0.951,0.668,0.372,0.198,1.873,0.272
505,0.011,0.413,0.793,0.173,0.105,1.641,0.135
506,0.014,0.498,0.733,0.186,0.149,1.253,0.167
507,0.014,0.424,1.000,0.166,0.123,1.348,0.143
508,0.025,0.711,0.627,0.288,0.135,2.124,0.197
509,0.013,0.498,0.671,0.220,0.094,2.339,0.144
510,0.028,0.696,0.726,0.265,0.180,1.471,0.219
511,0.041,0.907,0.621,0.323,0.231,1.403,0.273
512,0.011,0.459,0.680,0.181,0.105,1.716,0.138
513,0.014,0.467,0.780,0.200,0.099,2.016,0.141
514,0.010,0.353,1.000,0.141,0.105,1.344,0.122
515,0.013,0.463,0.776,0.186,0.118,1.585,0.148
516,0.074,1.354,0.505,0.542,0.246,2.204,0.365
517,0.033,0.787,0.668,0.277,0.188,1.476,0.228
518,0.014,0.618,0.476,0.251,0.124,2.029,0.176
519,0.073,1.491,0.412,0.597,0.284,2.100,0.412
520,0.012,0.424,0.819,0.173,0.105,1.641,0.135
521,0.386,5.167,0.182,1.958,0.498,3.934,0.987
522,0.007,0.298,0.960,0.127,0.074,1.700,0.097
523,0.006,0.283,1.000,0.111,0.088,1.265,0.099
524,0.037,0.756,0.811,0.283,0.211,1.346,0.244
525,0.030,0.678,0.834,0.286,0.140,2.035,0.200
526,0.040,1.202,0.348,0.520,0.162,3.213,0.290
527,0.040,1.304,0.293,0.477,0.214,2.228,0.320
528,0.239,3.330,0.271,1.281,0.417,3.073,0.730
529,0.007,0.374,0.664,0.162,0.070,2.305,0.107
530,0.024,0.632,0.755,0.251,0.157,1.601,0.199
531,0.015,0.727,0.358,0.306,0.106,2.880,0.181
532,0.167,3.033,0.229,1.006,0.364,2.759,0.605
533,0.106,2.351,0.240,1.014,0.251,4.039,0.505
534,0.036,0.812,0.692,0.312,0.202,1.543,0.251
535,0.019,0.504,0.959,0.190,0.140,1.352,0.163
536,0.073,1.165,0.672,0.463,0.218,2.124,0.318
537,0.181,3.669,0.169,1.202,0.493,2.437,0.770
538,0.045,0.781,0.919,0.277,0.223,1.242,0.249
539,0.190,3.640,0.180,1.458,0.434,3.360,0.795
540,0.029,0.905,0.444,0.404,0.122,3.320,0.222
541,0.047,1.339,0.328,0.557,0.149,3.738,0.288
542,0.017,0.548,0.709,0.228,0.122,1.873,0.167
543,0.013,0.577,0.500,0.200,0.135,1.483,0.164
544,0.008,0.304,1.000,0.118,0.088,1.342,0.102
545,0.388,7.670,0.083,1.483,1.006,1.474,1.221
546,0.007,0.382,0.608,0.175,0.074,2.357,0.114
547,0.143,2.504,0.287,0.818,0.405,2.019,0.576
548,0.030,0.977,0.389,0.432,0.130,3.311,0.237
549,0.502,9.248,0.074,1.811,1.044,1.736,1.375
550,0.046,0.862,0.781,0.341,0.204,1.674,0.263
551,0.040,0.944,0.569,0.337,0.193,1.749,0.255
552,0.321,5.328,0.142,1.186,0.593,2.002,0.839
553,0.352,5.894,0.127,1.861,0.520,3.583,0.983
554,0.039,0.851,0.678,0.373,0.161,2.313,0.245
555,0.019,0.498,0.967,0.186,0.140,1.329,0.162
556,0.012,0.537,0.522,0.196,0.121,1.627,0.154
557,0.012,0.519,0.561,0.189,0.110,1.724,0.144
558,0.006,0.293,0.943,0.118,0.087,1.355,0.101
559,0.027,0.932,0.388,0.326,0.187,1.742,0.247
560,0.014,0.488,0.732,0.196,0.123,1.597,0.155
561,0.199,2.413,0.430,0.740,0.577,1.284,0.653
562,0.022,0.543,0.956,0.200,0.158,1.267,0.178
563,0.040,0.752,0.896,0.286,0.193,1.480,0.235
564,0.053,0.901,0.824,0.335,0.231,1.449,0.278
565,0.026,0.733,0.619,0.311,0.140,2.215,0.209
566,0.062,1.240,0.503,0.449,0.248,1.815,0.334
567,0.100,2.031,0.304,0.759,0.360,2.111,0.523
568,0.014,0.564,0.560,0.255,0.085,3.010,0.147
569,0.275,6.136,0.092,1.674,0.764,2.192,1.131
570,0.015,0.597,0.521,0.235,0.110,2.143,0.161
571,0.009,0.323,1.000,0.128,0.102,1.252,0.114
572,0.029,0.643,0.890,0.239,0.175,1.360,0.205
573,0.050,1.491,0.283,0.655,0.153,4.288,0.317
574,0.039,0.742,0.900,0.267,0.218,1.228,0.241
575,0.023,0.717,0.572,0.298,0.144,2.073,0.207
576,0.029,0.827,0.538,0.268,0.222,1.208,0.244
577,0.303,4.538,0.185,1.440,0.566,2.545,0.903
578,0.066,1.337,0.468,0.489,0.236,2.071,0.340
579,0.011,0.378,0.947,0.157,0.105,1.491,0.129
580,0.015,0.851,0.261,0.323,0.150,2.151,0.220
581,0.057,1.002,0.713,0.414,0.215,1.922,0.299
582,0.210,3.735,0.189,1.222,0.472,2.586,0.760
583,0.006,0.269,1.000,0.102,0.088,1.166,0.095
584,0.033,0.880,0.539,0.365,0.174,2.102,0.252
585,0.046,1.091,0.484,0.461,0.193,2.391,0.298
586,0.069,1.190,0.609,0.472,0.247,1.914,0.341
587,0.015,0.597,0.542,0.222,0.133,1.664,0.172
588,0.590,8.261,0.109,1.764,0.933,1.891,1.283
589,0.068,1.539,0.361,0.545,0.267,2.038,0.382
590,0.017,0.767,0.369,0.261,0.151,1.730,0.198
591,0.011,0.473,0.605,0.196,0.105,1.861,0.144
592,0.016,0.463,0.921,0.183,0.123,1.491,0.150
593,0.146,2.931,0.214,0.827,0.404,2.049,0.578
594,0.199,2.969,0.284,0.915,0.483,1.896,0.665
595,0.022,0.583,0.809,0.235,0.141,1.667,0.182
596,0.037,0.847,0.641,0.365,0.178,2.054,0.255
597,0.009,0.378,0.784,0.162,0.088,1.844,0.119
598,0.008,0.378,0.730,0.166,0.089,1.865,0.121
599,0.018,0.678,0.497,0.283,0.126,2.258,0.189
600,0.022,0.682,0.591,0.275,0.158,1.739,0.208
601,0.035,0.897,0.553,0.370,0.168,2.202,0.249
602,0.013,0.399,0.997,0.166,0.105,1.572,0.132
603,0.085,1.816,0.324,0.757,0.228,3.315,0.416
604,0.094,1.545,0.494,0.584,0.277,2.110,0.402
605,0.147,2.451,0.309,0.684,0.549,1.246,0.613
606,0.271,3.618,0.260,1.000,0.627,1.596,0.792
607,0.016,0.473,0.898,0.189,0.123,1.539,0.152
608,0.012,0.473,0.691,0.194,0.105,1.841,0.143
609,0.044,0.986,0.569,0.372,0.223,1.665,0.288
610,0.013,0.413,0.974,0.157,0.123,1.278,0.139
611,0.201,3.628,0.192,0.950,0.608,1.562,0.760
612,0.014,0.494,0.714,0.213,0.088,2.433,0.137
613,0.101,1.874,0.361,0.825,0.234,3.521,0.440
614,0.044,0.971,0.586,0.362,0.187,1.929,0.260
615,0.188,2.841,0.292,0.805,0.446,1.805,0.599
616,0.013,0.467,0.744,0.205,0.097,2.102,0.141
617,0.020,0.622,0.640,0.261,0.117,2.224,0.175
618,0.018,0.777,0.365,0.320,0.105,3.041,0.184
619,0.043,1.376,0.288,0.463,0.226,2.047,0.324
620,0.043,1.182,0.385,0.433,0.211,2.055,0.302
621,0.053,1.093,0.560,0.464,0.159,2.924,0.272
622,0.019,0.483,1.000,0.181,0.140,1.287,0.159
623,0.049,1.510,0.271,0.462,0.351,1.315,0.402
624,0.013,0.647,0.388,0.229,0.140,1.630,0.179
625,0.022,0.572,0.838,0.220,0.149,1.475,0.181
626,0.076,1.576,0.386,0.623,0.216,2.880,0.367
627,0.053,0.986,0.689,0.372,0.238,1.563,0.297
628,0.065,0.977,0.855,0.346,0.263,1.315,0.302
629,0.036,0.746,0.820,0.268,0.211,1.275,0.238
630,0.023,0.702,0.588,0.298,0.129,2.306,0.196
631,0.019,0.533,0.830,0.212,0.140,1.510,0.172
632,0.006,0.329,0.717,0.151,0.071,2.137,0.103
633,0.012,0.388,1.000,0.157,0.105,1.491,0.129
634,0.025,0.647,0.758,0.265,0.155,1.715,0.203
635,0.014,0.463,0.794,0.205,0.110,1.863,0.150
636,0.248,4.176,0.179,1.366,0.389,3.515,0.729
637,0.028,0.628,0.902,0.235,0.158,1.491,0.193
638,0.070,1.738,0.291,0.620,0.260,2.388,0.401
639,0.019,0.572,0.720,0.235,0.123,1.910,0.170
640,0.012,0.393,0.978,0.150,0.122,1.232,0.135
641,0.009,0.359,0.838,0.150,0.070,2.136,0.103
642,0.028,0.647,0.850,0.244,0.180,1.354,0.209
643,0.029,0.806,0.560,0.341,0.149,2.281,0.226
644,0.008,0.399,0.657,0.159,0.088,1.811,0.118
645,0.398,6.067,0.136,2.304,0.517,4.452,1.092
646,0.077,1.793,0.299,0.561,0.320,1.754,0.423
647,0.029,0.882,0.462,0.326,0.148,2.199,0.220
648,0.067,1.390,0.434,0.554,0.230,2.409,0.357
649,0.010,0.374,0.913,0.151,0.105,1.434,0.126
650,0.127,2.549,0.246,0.936,0.398,2.350,0.610
651,0.010,0.399,0.827,0.166,0.088,1.897,0.121
652,0.030,0.649,0.883,0.261,0.140,1.858,0.191
653,0.046,1.194,0.409,0.522,0.149,3.504,0.279
654,0.010,0.353,0.960,0.141,0.102,1.387,0.120
655,0.012,0.614,0.390,0.283,0.083,3.406,0.154
656,0.066,1.025,0.784,0.366,0.287,1.276,0.324
657,2.261,30.172,0.031,4.262,2.776,1.535,3.440
658,0.014,0.453,0.887,0.183,0.123,1.491,0.150
659,0.023,0.593,0.825,0.251,0.140,1.790,0.188
660,0.034,0.922,0.510,0.400,0.149,2.687,0.244
661,0.031,0.791,0.617,0.303,0.193,1.569,0.242
662,0.022,0.713,0.556,0.306,0.113,2.713,0.186
663,0.051,0.940,0.722,0.355,0.243,1.461,0.294
664,0.223,4.413,0.144,1.111,0.554,2.004,0.785
665,0.010,0.353,1.000,0.141,0.105,1.344,0.122
666,0.036,0.885,0.583,0.400,0.124,3.225,0.223
667,0.099,2.000,0.310,0.847,0.267,3.177,0.475
668,0.012,0.413,0.906,0.166,0.105,1.581,0.132
669,0.016,0.492,0.847,0.205,0.112,1.832,0.151
670,0.185,3.018,0.255,0.943,0.368,2.560,0.589
671,0.055,0.961,0.746,0.405,0.222,1.824,0.300
672,0.004,0.244,0.846,0.102,0.070,1.458,0.085
673,0.052,1.031,0.611,0.427,0.202,2.108,0.294
674,0.329,6.203,0.107,1.460,0.845,1.728,1.110
675,0.013,0.457,0.778,0.200,0.087,2.304,0.132
676,0.029,1.170,0.266,0.408,0.250,1.634,0.319
677,0.023,0.667,0.643,0.286,0.147,1.941,0.205
678,0.313,4.461,0.198,1.147,0.792,1.448,0.953
679,0.171,2.771,0.281,0.696,0.557,1.248,0.623
680,0.034,0.841,0.601,0.277,0.223,1.242,0.249
681,0.020,0.508,0.973,0.190,0.157,1.209,0.173
682,0.147,2.254,0.365,0.644,0.528,1.220,0.583
683,0.009,0.353,0.898,0.141,0.099,1.425,0.118
684,0.019,0.597,0.672,0.253,0.130,1.942,0.182
685,0.019,0.597,0.683,0.244,0.126,1.947,0.175
686,0.040,0.897,0.630,0.392,0.156,2.509,0.248
687,0.066,1.657,0.301,0.735,0.169,4.347,0.352
688,0.009,0.483,0.496,0.200,0.070,2.850,0.118
689,0.113,2.459,0.234,0.675,0.385,1.755,0.509
690,0.008,0.374,0.747,0.162,0.070,2.305,0.107
691,0.199,3.500,0.204,0.805,0.605,1.331,0.698
692,0.059,1.393,0.385,0.581,0.214,2.708,0.353
693,0.020,0.578,0.751,0.239,0.123,1.943,0.171
694,0.045,1.293,0.338,0.564,0.158,3.571,0.298
695,0.378,6.162,0.125,1.572,0.726,2.166,1.068
696,0.086,2.048,0.256,0.745,0.346,2.150,0.508
697,0.398,6.786,0.109,2.118,0.890,2.381,1.373
698,0.008,0.343,0.887,0.141,0.097,1.453,0.117
699,0.083,2.039,0.252,0.841,0.319,2.640,0.518
700,0.024,0.736,0.557,0.244,0.184,1.331,0.212
701,0.081,1.560,0.416,0.474,0.320,1.481,0.390
702,0.053,1.130,0.518,0.440,0.255,1.727,0.335
703,0.043,0.888,0.691,0.355,0.175,2.025,0.250
704,0.473,9.262,0.069,1.949,0.965,2.019,1.372
705,0.050,1.240,0.413,0.448,0.220,2.037,0.314
706,0.417,7.143,0.103,2.070,0.855,2.420,1.331
707,0.030,1.010,0.364,0.416,0.145,2.862,0.246
708,0.070,1.142,0.676,0.479,0.211,2.275,0.318
709,0.082,1.473,0.473,0.620,0.207,2.998,0.358
710,0.031,1.010,0.379,0.436,0.149,2.927,0.255
711,0.012,0.442,0.791,0.181,0.104,1.735,0.137
712,0.023,0.537,0.991,0.205,0.161,1.269,0.182
713,0.013,0.418,0.910,0.173,0.112,1.548,0.139
714,0.088,1.746,0.364,0.662,0.258,2.570,0.413
715,0.704,12.778,0.054,2.219,1.235,1.797,1.655
716,0.007,0.314,0.863,0.124,0.088,1.414,0.104
717,0.007,0.333,0.768,0.134,0.087,1.539,0.108
718,0.029,0.678,0.783,0.286,0.140,2.035,0.200
719,0.032,0.742,0.724,0.288,0.196,1.470,0.237
720,0.032,0.886,0.507,0.274,0.228,1.204,0.250
721,0.257,3.820,0.221,1.034,0.673,1.536,0.834
722,0.031,0.723,0.740,0.255,0.175,1.456,0.212
723,0.036,0.961,0.486,0.350,0.176,1.985,0.248
724,0.006,0.269,1.000,0.102,0.088,1.166,0.095
725,0.007,0.329,0.824,0.141,0.070,2.016,0.100
726,0.173,2.962,0.248,1.068,0.349,3.058,0.611
727,0.211,3.651,0.199,1.187,0.449,2.644,0.730
728,0.037,0.975,0.484,0.323,0.232,1.388,0.274
729,0.022,0.768,0.459,0.320,0.123,2.607,0.198
730,0.014,0.568,0.551,0.255,0.085,3.002,0.147
731,0.151,3.299,0.174,0.773,0.494,1.563,0.618
732,0.011,0.428,0.761,0.173,0.110,1.573,0.138
733,0.124,2.426,0.265,0.786,0.408,1.925,0.566
734,0.748,8.890,0.119,1.891,1.111,1.703,1.449
735,0.122,3.013,0.170,1.030,0.381,2.704,0.626
736,0.026,0.758,0.565,0.350,0.118,2.956,0.203
737,0.077,1.180,0.697,0.467,0.248,1.883,0.340
738,0.035,1.224,0.295,0.522,0.124,4.205,0.254
739,0.018,0.477,0.984,0.173,0.149,1.161,0.160
740,0.026,0.866,0.444,0.300,0.166,1.811,0.223
741,0.034,0.717,0.835,0.283,0.193,1.471,0.234
742,0.050,1.740,0.208,0.666,0.251,2.653,0.409
743,0.008,0.393,0.652,0.174,0.087,2.000,0.123
744,0.104,1.818,0.395,0.579,0.388,1.491,0.474
745,0.042,1.521,0.229,0.683,0.134,5.086,0.303
746,0.014,0.453,0.831,0.189,0.110,1.720,0.144
747,0.016,0.663,0.466,0.289,0.092,3.152,0.163
748,0.010,0.364,0.907,0.151,0.105,1.434,0.126
749,0.030,1.035,0.350,0.439,0.135,3.244,0.244
750,0.014,0.459,0.864,0.174,0.140,1.237,0.156
751,0.050,1.607,0.244,0.706,0.151,4.666,0.327
752,0.020,0.632,0.629,0.267,0.141,1.894,0.194
753,0.019,0.508,0.913,0.212,0.123,1.726,0.161
754,0.106,2.103,0.302,0.628,0.394,1.593,0.498
755,0.009,0.368,0.857,0.157,0.094,1.667,0.122
756,0.396,5.427,0.169,1.357,0.785,1.729,1.032
757,0.006,0.314,0.824,0.141,0.070,2.016,0.100
758,0.271,4.408,0.175,1.027,0.782,1.313,0.896
759,0.052,1.031,0.619,0.404,0.225,1.797,0.301
760,0.167,3.837,0.142,1.056,0.500,2.112,0.727
761,0.023,0.839,0.413,0.379,0.102,3.709,0.197
762,0.156,3.283,0.182,0.770,0.561,1.372,0.658
763,0.077,2.356,0.174,0.649,0.312,2.079,0.450
764,0.007,0.329,0.824,0.128,0.088,1.456,0.106
765,0.220,4.745,0.123,0.897,0.643,1.394,0.760
766,0.107,2.423,0.229,0.963,0.304,3.165,0.542
767,0.015,0.438,0.967,0.166,0.133,1.241,0.149
768,0.038,0.812,0.727,0.314,0.212,1.481,0.258
769,0.010,0.378,0.919,0.134,0.123,1.088,0.128
770,0.017,0.732,0.405,0.337,0.106,3.191,0.189
771,0.055,1.062,0.614,0.346,0.285,1.213,0.314
772,0.100,2.369,0.225,0.916,0.261,3.507,0.489
773,0.055,1.124,0.552,0.482,0.158,3.051,0.276
774,0.044,0.951,0.612,0.400,0.174,2.307,0.264
775,0.011,0.463,0.650,0.190,0.099,1.912,0.137
776,0.013,0.469,0.739,0.189,0.105,1.795,0.141
777,0.185,2.748,0.308,0.903,0.448,2.014,0.636
778,0.099,1.810,0.379,0.581,0.334,1.741,0.441
779,0.059,1.091,0.627,0.362,0.264,1.371,0.309
780,0.053,1.141,0.514,0.495,0.162,3.055,0.283
781,0.040,1.240,0.330,0.362,0.235,1.539,0.292
782,0.225,4.509,0.139,1.241,0.607,2.044,0.868
783,0.036,0.903,0.551,0.405,0.152,2.668,0.248
784,0.135,2.233,0.340,0.906,0.369,2.454,0.578
785,0.063,1.136,0.617,0.468,0.225,2.083,0.324
786,0.036,1.341,0.250,0.499,0.186,2.683,0.305
787,0.023,0.558,0.932,0.200,0.172,1.163,0.185
788,0.015,0.453,0.906,0.175,0.133,1.318,0.153
789,0.045,0.967,0.604,0.370,0.200,1.849,0.272
790,0.008,0.393,0.627,0.175,0.086,2.033,0.123
791,0.011,0.519,0.518,0.217,0.096,2.266,0.144
792,0.023,0.744,0.525,0.323,0.105,3.073,0.185
793,0.392,6.920,0.103,1.601,0.827,1.937,1.150
794,0.018,0.498,0.889,0.214,0.126,1.706,0.164
795,0.092,1.973,0.296,0.609,0.332,1.836,0.449
796,0.194,3.552,0.193,1.071,0.484,2.211,0.720
797,0.009,0.343,0.953,0.141,0.102,1.387,0.120
798,0.154,3.254,0.183,1.310,0.320,4.090,0.648
799,0.027,0.975,0.358,0.418,0.146,2.867,0.247
800,0.046,1.066,0.514,0.401,0.223,1.795,0.299
801,0.030,0.812,0.569,0.251,0.196,1.281,0.222
802,0.015,0.477,0.831,0.189,0.136,1.388,0.160
803,0.020,0.533,0.898,0.205,0.140,1.463,0.170
804,0.010,0.378,0.892,0.150,0.100,1.501,0.122
805,0.018,0.523,0.849,0.225,0.136,1.646,0.175
806,0.014,0.562,0.563,0.235,0.112,2.103,0.162
807,0.045,0.802,0.885,0.320,0.193,1.659,0.249
808,0.086,2.162,0.231,0.916,0.208,4.408,0.437
809,0.462,8.218,0.086,2.264,0.700,3.234,1.259
810,0.013,0.407,0.979,0.166,0.123,1.355,0.143
811,0.016,0.473,0.916,0.189,0.123,1.539,0.152
812,0.013,0.438,0.846,0.181,0.116,1.560,0.145
813,0.062,1.380,0.412,0.451,0.272,1.660,0.350
814,0.016,0.558,0.659,0.225,0.124,1.811,0.167
815,0.021,0.568,0.827,0.225,0.155,1.451,0.187
816,0.100,1.471,0.583,0.616,0.233,2.644,0.379
817,0.286,6.726,0.079,1.465,0.697,2.103,1.010
818,0.016,0.533,0.694,0.205,0.141,1.450,0.170
819,0.062,1.366,0.415,0.516,0.255,2.020,0.363
820,0.046,1.107,0.476,0.455,0.200,2.271,0.302
821,0.032,0.768,0.675,0.323,0.140,2.305,0.213
822,0.004,0.339,0.472,0.150,0.058,2.563,0.094
823,0.025,0.603,0.861,0.259,0.140,1.846,0.191
824,0.009,0.393,0.727,0.151,0.109,1.387,0.128
825,0.042,1.105,0.430,0.463,0.166,2.783,0.278
826,0.038,0.996,0.480,0.372,0.184,2.020,0.262
827,0.055,2.006,0.172,0.906,0.163,5.545,0.385
828,0.020,0.672,0.566,0.302,0.112,2.697,0.184
829,0.030,0.667,0.851,0.268,0.158,1.700,0.206
830,0.031,1.052,0.353,0.434,0.136,3.200,0.243
831,0.024,0.727,0.570,0.281,0.156,1.806,0.209
832,0.081,1.750,0.333,0.605,0.352,1.719,0.461
833,0.021,0.583,0.775,0.222,0.157,1.410,0.187
834,0.012,0.473,0.656,0.212,0.099,2.135,0.145
835,0.026,0.673,0.725,0.275,0.153,1.793,0.205
836,0.034,0.688,0.915,0.253,0.211,1.202,0.231
837,0.008,0.403,0.595,0.186,0.081,2.311,0.123
838,0.054,1.320,0.393,0.392,0.281,1.398,0.332
839,0.040,1.209,0.347,0.497,0.171,2.900,0.292
840,0.042,0.762,0.898,0.300,0.193,1.553,0.241
841,0.021,0.529,0.954,0.205,0.140,1.458,0.169
842,0.011,0.438,0.726,0.189,0.088,2.148,0.129
843,0.021,0.523,0.948,0.183,0.158,1.160,0.170
844,0.028,0.897,0.433,0.289,0.223,1.297,0.254
845,0.413,9.419,0.059,2.355,0.782,3.012,1.357
846,0.050,1.196,0.435,0.464,0.211,2.201,0.312
847,0.028,1.225,0.235,0.562,0.088,6.412,0.222
848,0.038,0.721,0.922,0.265,0.211,1.261,0.236
849,0.008,0.353,0.805,0.141,0.088,1.612,0.111
850,0.032,1.113,0.325,0.516,0.106,4.866,0.234
851,0.017,0.779,0.357,0.362,0.087,4.180,0.177
852,0.026,1.170,0.235,0.516,0.112,4.602,0.241
853,0.052,1.477,0.298,0.635,0.151,4.207,0.310
854,0.007,0.329,0.788,0.134,0.088,1.523,0.108
855,0.040,1.017,0.487,0.439,0.170,2.575,0.273
856,0.008,0.353,0.836,0.151,0.099,1.521,0.122
857,0.045,0.922,0.665,0.378,0.179,2.112,0.260
858,0.066,1.925,0.225,0.690,0.305,2.264,0.459
859,0.211,3.886,0.175,1.153,0.524,2.200,0.778
860,0.339,4.669,0.196,1.365,0.626,2.179,0.924
861,0.087,1.652,0.399,0.727,0.198,3.666,0.380
862,0.007,0.293,1.000,0.118,0.088,1.342,0.102
863,0.020,0.696,0.510,0.299,0.127,2.362,0.194
864,0.058,1.548,0.302,0.636,0.167,3.806,0.326
865,0.022,0.587,0.808,0.249,0.136,1.827,0.184
866,0.506,8.806,0.082,1.839,0.732,2.513,1.160
867,0.018,0.678,0.505,0.229,0.149,1.537,0.185
868,0.016,0.473,0.881,0.175,0.136,1.294,0.154
869,0.009,0.442,0.573,0.173,0.100,1.730,0.131
870,0.095,1.830,0.357,0.730,0.258,2.826,0.434
871,0.068,1.331,0.485,0.529,0.223,2.370,0.344
872,0.015,0.593,0.539,0.251,0.098,2.551,0.157
873,0.010,0.358,0.937,0.151,0.099,1.521,0.122
874,0.044,1.129,0.431,0.455,0.196,2.320,0.299
875,0.031,0.821,0.586,0.348,0.128,2.720,0.211
876,0.169,2.917,0.249,0.997,0.477,2.090,0.690
877,0.061,1.091,0.647,0.390,0.289,1.349,0.335
878,0.010,0.562,0.404,0.263,0.073,3.606,0.139
879,0.019,0.558,0.783,0.231,0.123,1.879,0.168
880,0.143,2.242,0.358,0.847,0.322,2.630,0.522
881,0.014,0.413,0.996,0.166,0.123,1.348,0.143
882,0.006,0.329,0.717,0.151,0.071,2.137,0.103
883,0.010,0.378,0.892,0.151,0.112,1.352,0.130
884,0.009,0.388,0.769,0.150,0.105,1.424,0.126
885,0.009,0.388,0.769,0.181,0.086,2.093,0.125
886,0.027,0.593,0.979,0.225,0.175,1.281,0.199
887,0.105,2.250,0.261,0.788,0.365,2.162,0.536
888,0.008,0.343,0.821,0.150,0.081,1.854,0.110
889,0.046,1.758,0.188,0.779,0.164,4.747,0.358
890,0.025,0.616,0.815,0.251,0.136,1.841,0.185
891,0.140,2.882,0.211,0.986,0.281,3.514,0.526
892,0.031,0.727,0.739,0.268,0.202,1.326,0.233
893,0.145,2.539,0.282,0.684,0.470,1.454,0.567
894,0.020,0.672,0.557,0.299,0.112,2.676,0.183
895,0.021,0.533,0.912,0.217,0.123,1.767,0.163
896,0.038,1.202,0.335,0.444,0.179,2.479,0.282
897,0.053,1.101,0.545,0.479,0.202,2.376,0.311
898,0.013,0.413,0.951,0.173,0.105,1.641,0.135
899,0.934,14.115,0.059,3.028,1.485,2.038,2.121
900,0.025,0.994,0.317,0.453,0.104,4.341,0.217
901,0.107,2.357,0.242,0.771,0.400,1.925,0.556
902,0.164,3.237,0.196,1.128,0.490,2.302,0.743
903,0.043,0.876,0.710,0.350,0.211,1.658,0.271
904,0.043,0.843,0.757,0.345,0.172,2.004,0.244
905,0.032,1.021,0.382,0.277,0.216,1.282,0.245
906,0.133,2.176,0.352,0.668,0.376,1.777,0.501
907,0.043,1.793,0.170,0.755,0.199,3.789,0.388
908,0.118,1.646,0.547,0.628,0.309,2.030,0.440
909,0.013,0.428,0.909,0.166,0.123,1.355,0.143
910,0.094,2.227,0.240,0.860,0.280,3.069,0.491
911,0.008,0.409,0.578,0.189,0.069,2.746,0.114
912,0.036,1.062,0.405,0.440,0.143,3.074,0.251
913,0.160,3.044,0.218,1.232,0.347,3.547,0.654
914,0.012,0.399,0.924,0.162,0.117,1.388,0.137
915,0.010,0.339,1.000,0.137,0.105,1.302,0.120
916,0.079,2.552,0.153,0.989,0.281,3.521,0.527
917,0.013,0.409,0.948,0.175,0.105,1.667,0.136
918,0.091,2.593,0.170,0.949,0.316,3.005,0.547
919,0.115,1.917,0.394,0.516,0.451,1.145,0.482
920,0.013,0.418,0.910,0.175,0.099,1.768,0.132
921,0.038,1.070,0.412,0.386,0.203,1.907,0.280
922,0.019,0.727,0.446,0.306,0.105,2.911,0.180
923,0.017,0.719,0.419,0.323,0.094,3.431,0.175
924,0.040,1.136,0.389,0.407,0.246,1.657,0.316
925,0.007,0.353,0.743,0.150,0.081,1.854,0.110
926,0.087,2.062,0.257,0.659,0.295,2.236,0.441
927,0.021,0.667,0.599,0.268,0.140,1.912,0.194
928,0.011,0.463,0.632,0.214,0.086,2.481,0.136
929,0.069,1.442,0.419,0.597,0.207,2.877,0.352
930,0.010,0.353,1.000,0.134,0.105,1.269,0.119
931,0.010,0.471,0.574,0.225,0.074,3.018,0.129
932,0.014,0.477,0.747,0.200,0.112,1.792,0.149
933,0.018,0.622,0.590,0.286,0.124,2.302,0.188
934,0.074,1.713,0.318,0.568,0.332,1.713,0.434
935,0.011,0.448,0.673,0.200,0.086,2.326,0.131
936,0.009,0.453,0.548,0.175,0.099,1.768,0.132
937,0.102,1.275,0.785,0.496,0.316,1.571,0.396
938,0.084,1.504,0.468,0.677,0.194,3.499,0.362
939,0.012,0.403,0.953,0.150,0.123,1.221,0.136
940,0.020,0.517,0.941,0.183,0.161,1.141,0.171
941,0.035,1.093,0.366,0.512,0.124,4.130,0.252
942,0.048,0.961,0.654,0.411,0.188,2.181,0.278
943,0.011,0.409,0.809,0.173,0.088,1.970,0.123
944,0.053,2.051,0.158,0.923,0.146,6.317,0.367
945,0.025,0.868,0.411,0.370,0.123,3.019,0.213
946,0.011,0.508,0.554,0.214,0.112,1.918,0.155
947,0.166,2.967,0.236,0.794,0.626,1.269,0.705
948,0.043,1.943,0.142,0.934,0.083,11.243,0.279
949,0.015,0.593,0.528,0.239,0.121,1.970,0.170
950,0.013,0.413,0.974,0.157,0.123,1.278,0.139
951,0.168,2.694,0.292,0.762,0.436,1.748,0.576
952,0.009,0.329,1.000,0.127,0.105,1.202,0.115
953,0.064,1.436,0.390,0.627,0.217,2.889,0.369
954,0.069,1.316,0.502,0.495,0.243,2.038,0.347
955,0.009,0.399,0.705,0.166,0.085,1.956,0.119
956,0.053,2.012,0.165,0.575,0.297,1.937,0.413
957,0.048,0.987,0.619,0.341,0.259,1.316,0.297
958,0.011,0.473,0.639,0.220,0.086,2.547,0.138
959,0.129,2.058,0.382,0.796,0.300,2.652,0.489
960,0.009,0.444,0.588,0.196,0.070,2.795,0.117
961,0.011,0.599,0.399,0.277,0.068,4.078,0.137
962,0.030,1.006,0.378,0.346,0.190,1.815,0.256
963,0.049,0.922,0.729,0.353,0.210,1.685,0.272
964,0.033,0.812,0.622,0.337,0.174,1.940,0.242
965,0.044,0.827,0.810,0.322,0.223,1.442,0.268
966,0.040,0.793,0.793,0.277,0.211,1.318,0.242
967,0.208,4.244,0.145,0.940,0.680,1.382,0.800
968,0.085,1.793,0.332,0.575,0.288,1.995,0.407
969,0.013,0.463,0.776,0.196,0.105,1.863,0.144
970,0.203,3.862,0.171,1.284,0.583,2.201,0.865
971,0.016,0.653,0.481,0.244,0.136,1.791,0.183
972,0.045,1.196,0.392,0.522,0.155,3.366,0.284
973,0.014,0.533,0.613,0.205,0.136,1.505,0.167
974,0.098,2.455,0.204,0.877,0.392,2.238,0.586
975,0.026,0.632,0.822,0.268,0.146,1.835,0.198
976,0.007,0.293,1.000,0.118,0.088,1.342,0.102
977,0.009,0.353,0.867,0.137,0.105,1.302,0.120
978,0.031,0.856,0.534,0.360,0.161,2.232,0.241
979,0.015,0.732,0.354,0.337,0.094,3.584,0.178
980,0.010,0.382,0.820,0.175,0.087,2.020,0.123
981,0.017,0.578,0.624,0.255,0.092,2.768,0.154
982,0.059,1.498,0.333,0.548,0.221,2.479,0.348
983,0.027,0.713,0.678,0.283,0.155,1.825,0.210
984,0.044,1.649,0.205,0.537,0.263,2.040,0.376
985,0.106,2.382,0.234,0.596,0.386,1.545,0.480
986,0.042,0.797,0.833,0.298,0.217,1.376,0.254
987,0.020,0.657,0.591,0.302,0.123,2.450,0.193
988,0.089,2.295,0.212,0.710,0.412,1.722,0.541
989,0.067,1.651,0.311,0.551,0.337,1.632,0.431
990,0.017,0.643,0.515,0.283,0.110,2.568,0.177
991,0.072,1.607,0.349,0.618,0.225,2.743,0.373
992,0.019,0.736,0.436,0.351,0.091,3.846,0.179
993,0.009,0.368,0.800,0.174,0.086,2.012,0.122
994,0.012,0.384,1.000,0.151,0.105,1.434,0.126
995,0.598,8.987,0.093,2.031,0.938,2.166,1.380
996,0.077,2.277,0.187,0.957,0.248,3.867,0.487
997,0.026,0.622,0.860,0.228,0.186,1.226,0.206
998,0.049,1.421,0.303,0.534,0.201,2.654,0.328
999,0.010,0.448,0.616,0.183,0.088,2.088,0.127
1000,0.196,3.898,0.162,1.020,0.571,1.786,0.763
1001,0.010,0.364,0.994,0.141,0.105,1.344,0.122
1002,0.022,1.116,0.221,0.495,0.092,5.412,0.213
1003,0.019,0.533,0.830,0.212,0.140,1.510,0.172
1004,0.054,1.533,0.288,0.681,0.133,5.135,0.301
1005,0.023,0.622,0.740,0.261,0.147,1.779,0.196
1006,0.034,0.977,0.446,0.405,0.154,2.630,0.250
1007,0.077,1.878,0.274,0.702,0.234,2.995,0.406
1008,0.049,1.002,0.609,0.405,0.175,2.309,0.267
1009,0.010,0.393,0.777,0.166,0.087,1.906,0.120
1010,0.012,0.438,0.806,0.200,0.099,2.016,0.141
1011,0.042,0.762,0.918,0.288,0.211,1.364,0.246
1012,0.015,0.779,0.306,0.337,0.092,3.676,0.176
1013,0.031,0.781,0.640,0.341,0.149,2.288,0.225
1014,0.014,0.504,0.700,0.222,0.088,2.530,0.140
1015,0.008,0.314,1.000,0.137,0.088,1.562,0.110
1016,0.018,0.847,0.323,0.372,0.109,3.399,0.202
1017,0.024,0.752,0.526,0.300,0.141,2.125,0.206
1018,0.008,0.333,0.943,0.141,0.087,1.629,0.111
1019,0.007,0.393,0.577,0.173,0.078,2.210,0.116
1020,0.024,0.866,0.402,0.335,0.161,2.078,0.232
1021,0.054,1.184,0.483,0.530,0.180,2.939,0.309
1022,0.203,3.968,0.162,0.915,0.526,1.738,0.694
1023,0.008,0.442,0.534,0.214,0.071,3.033,0.123
1024,0.015,0.587,0.550,0.268,0.094,2.844,0.159
1025,0.031,1.135,0.306,0.416,0.218,1.910,0.301
1026,0.055,1.386,0.362,0.580,0.173,3.344,0.317
1027,0.040,1.142,0.388,0.433,0.226,1.918,0.313
1028,0.050,1.401,0.323,0.531,0.204,2.600,0.329
1029,0.013,0.523,0.609,0.235,0.094,2.500,0.149
1030,0.028,0.773,0.590,0.333,0.140,2.372,0.216
1031,0.050,2.065,0.146,0.963,0.105,9.219,0.317
1032,0.026,0.872,0.422,0.353,0.140,2.512,0.222
1033,0.046,1.361,0.311,0.475,0.183,2.589,0.295
1034,0.006,0.343,0.690,0.166,0.066,2.500,0.105
1035,0.013,0.424,0.884,0.173,0.105,1.641,0.135
1036,0.017,1.114,0.168,0.530,0.065,8.127,0.186
1037,0.034,1.184,0.309,0.424,0.185,2.293,0.280
1038,0.062,1.628,0.295,0.581,0.263,2.212,0.391
1039,0.017,0.562,0.685,0.213,0.157,1.363,0.183
1040,0.027,0.777,0.564,0.288,0.148,1.939,0.207
1041,0.010,0.378,0.919,0.150,0.105,1.424,0.126
1042,0.014,0.424,0.992,0.166,0.123,1.348,0.143
1043,0.011,0.473,0.639,0.212,0.085,2.503,0.134
1044,0.007,0.457,0.408,0.225,0.060,3.767,0.116
1045,0.010,0.388,0.820,0.149,0.115,1.296,0.131
1046,0.081,1.798,0.315,0.746,0.214,3.484,0.400
1047,0.016,0.638,0.503,0.294,0.100,2.945,0.171
1048,0.051,1.853,0.186,0.779,0.203,3.836,0.398
1049,0.018,0.554,0.745,0.220,0.133,1.651,0.171
1050,0.014,0.488,0.764,0.214,0.112,1.918,0.155
1051,0.022,0.847,0.383,0.335,0.120,2.801,0.200
1052,0.032,0.922,0.478,0.390,0.158,2.467,0.248
1053,0.010,0.684,0.265,0.316,0.055,5.701,0.132
1054,0.046,1.171,0.417,0.502,0.154,3.263,0.278
1055,0.025,0.903,0.389,0.358,0.130,2.753,0.216
1056,0.021,0.948,0.288,0.439,0.092,4.752,0.201
1057,0.054,1.287,0.413,0.551,0.156,3.519,0.294
1058,0.012,0.945,0.169,0.449,0.067,6.706,0.174
1059,0.005,0.269,0.804,0.124,0.074,1.667,0.096
1060,0.007,0.343,0.789,0.134,0.097,1.373,0.114
1061,0.042,1.259,0.337,0.337,0.247,1.368,0.289
1062,0.008,0.562,0.318,0.259,0.065,4.000,0.130
1063,0.015,0.543,0.629,0.231,0.105,2.192,0.156
1064,0.016,0.531,0.699,0.239,0.087,2.748,0.144
1065,0.008,0.473,0.466,0.190,0.100,1.896,0.138
1066,0.009,0.527,0.404,0.244,0.067,3.656,0.127
1067,0.017,0.562,0.661,0.239,0.124,1.924,0.172
1068,0.010,0.457,0.574,0.225,0.074,3.018,0.129
1069,0.019,0.537,0.844,0.196,0.141,1.389,0.166
1070,0.053,1.256,0.419,0.442,0.273,1.618,0.347
1071,0.045,1.308,0.328,0.379,0.291,1.303,0.332
1072,0.036,0.996,0.452,0.428,0.168,2.554,0.268
1073,0.009,0.399,0.681,0.179,0.070,2.550,0.112
1074,0.027,0.781,0.564,0.298,0.167,1.782,0.223
1075,0.013,0.556,0.513,0.273,0.074,3.667,0.143
1076,0.009,0.364,0.877,0.145,0.088,1.649,0.113
1077,0.017,0.562,0.673,0.236,0.128,1.843,0.174
1078,0.008,0.442,0.514,0.214,0.072,2.966,0.124
1079,0.089,2.610,0.164,0.930,0.370,2.513,0.587
1080,0.006,0.442,0.415,0.205,0.058,3.504,0.109
1081,0.006,0.304,0.796,0.141,0.070,2.016,0.100
1082,0.011,0.409,0.855,0.166,0.105,1.572,0.132
1083,0.044,1.415,0.276,0.573,0.228,2.517,0.361
1084,0.008,0.343,0.854,0.128,0.105,1.213,0.116
1085,0.006,0.269,0.965,0.111,0.070,1.581,0.088
1086,0.004,0.279,0.646,0.124,0.053,2.357,0.081
1087,0.009,0.364,0.819,0.157,0.088,1.789,0.117
1088,0.070,1.822,0.264,0.636,0.334,1.906,0.460
1089,0.039,1.046,0.449,0.379,0.217,1.743,0.287
1090,0.016,0.562,0.624,0.261,0.107,2.441,0.167
1091,0.027,1.281,0.205,0.561,0.147,3.824,0.287
1092,0.010,0.393,0.803,0.157,0.099,1.581,0.125
1093,0.008,0.477,0.424,0.229,0.071,3.239,0.127
1094,0.009,0.388,0.743,0.166,0.076,2.199,0.112
1095,0.011,0.508,0.554,0.217,0.088,2.474,0.138
1096,0.010,0.657,0.287,0.292,0.084,3.492,0.156
